hudson (1.311) unstable; urgency=low

  * See http://hudson.dev.java.net/changelog.html for more details.

 -- Kohsuke Kawaguchi <kk@kohsuke.org>  Fri, 19 Jun 2009 19:46:51 -0700

hudson (1.310) unstable; urgency=low

  * See http://hudson.dev.java.net/changelog.html for more details.

 -- Kohsuke Kawaguchi <kk@kohsuke.org>  Mon, 15 Jun 2009 09:16:45 -0700

hudson (1.309) unstable; urgency=low

  * See http://hudson.dev.java.net/changelog.html for more details.

 -- Kohsuke Kawaguchi <kk@kohsuke.org>  Sun, 31 May 2009 09:37:15 -0700

hudson (1.308) unstable; urgency=low

  * See http://hudson.dev.java.net/changelog.html for more details.

 -- Kohsuke Kawaguchi <kk@kohsuke.org>  Thu, 28 May 2009 12:39:20 -0700

hudson (1.307) unstable; urgency=low

  * See http://hudson.dev.java.net/changelog.html for more details.

 -- Kohsuke Kawaguchi <kk@kohsuke.org>  Fri, 22 May 2009 21:28:56 -0700

hudson (1.306) unstable; urgency=low

  * See http://hudson.dev.java.net/changelog.html for more details.

 -- Kohsuke Kawaguchi <kk@kohsuke.org>  Sat, 16 May 2009 12:53:45 -0700

hudson (1.305) unstable; urgency=low

  * See http://hudson.dev.java.net/changelog.html for more details.

 -- Kohsuke Kawaguchi <kk@kohsuke.org>  Sat, 16 May 2009 08:22:53 -0700

hudson (1.304) unstable; urgency=low

  * See http://hudson.dev.java.net/changelog.html for more details.

 -- Kohsuke Kawaguchi <kk@kohsuke.org>  Fri, 08 May 2009 18:18:06 -0700

hudson (1.303) unstable; urgency=low

  * See http://hudson.dev.java.net/changelog.html for more details.

 -- Kohsuke Kawaguchi <kk@kohsuke.org>  Sun, 03 May 2009 15:48:44 -0700

hudson (1.302) unstable; urgency=low

  * See http://hudson.dev.java.net/changelog.html for more details.

 -- Kohsuke Kawaguchi <kk@kohsuke.org>  Fri, 01 May 2009 19:15:31 -0700

hudson (1.301) unstable; urgency=low

  * See http://hudson.dev.java.net/changelog.html for more details.

 -- Kohsuke Kawaguchi <kk@kohsuke.org>  Sat, 25 Apr 2009 02:25:17 -0700

hudson (1.301-SNAPSHOT) unstable; urgency=low

  * See http://hudson.dev.java.net/changelog.html for more details.

 -- Kohsuke Kawaguchi <kk@kohsuke.org>  Fri, 24 Apr 2009 23:28:48 -0700

hudson (1.300) unstable; urgency=low

  * See http://hudson.dev.java.net/changelog.html for more details.

 -- Kohsuke Kawaguchi <kk@kohsuke.org>  Fri, 17 Apr 2009 17:48:57 -0700

hudson (1.300) unstable; urgency=low

  * See http://hudson.dev.java.net/changelog.html for more details.

 -- Kohsuke Kawaguchi <kk@kohsuke.org>  Fri, 17 Apr 2009 16:54:46 -0700

hudson (1.299) unstable; urgency=low

  * See http://hudson.dev.java.net/changelog.html for more details.

 -- Kohsuke Kawaguchi <kk@kohsuke.org>  Fri, 10 Apr 2009 19:15:13 -0700

hudson (1.297) unstable; urgency=low

  * See http://hudson.dev.java.net/changelog.html for more details.

 -- Kohsuke Kawaguchi <kk@kohsuke.org>  Mon, 06 Apr 2009 17:47:31 -0700

hudson (1.296) unstable; urgency=low

  * See http://hudson.dev.java.net/changelog.html for more details.

 -- Kohsuke Kawaguchi <kk@kohsuke.org>  Fri, 03 Apr 2009 19:33:32 -0700

hudson (1.295) unstable; urgency=low

  * See http://hudson.dev.java.net/changelog.html for more details.

 -- Kohsuke Kawaguchi <kk@kohsuke.org>  Mon, 30 Mar 2009 14:36:14 -0700

hudson (1.294) unstable; urgency=low

  * See http://hudson.dev.java.net/changelog.html for more details.

 -- Kohsuke Kawaguchi <kk@kohsuke.org>  Sat, 28 Mar 2009 14:43:37 -0700

hudson (1.293) unstable; urgency=low

  * See http://hudson.dev.java.net/changelog.html for more details.

 -- Kohsuke Kawaguchi <kk@kohsuke.org>  Fri, 20 Mar 2009 19:11:14 -0700

hudson (1.292) unstable; urgency=low

  * See http://hudson.dev.java.net/changelog.html for more details.

 -- Kohsuke Kawaguchi <kk@kohsuke.org>  Fri, 13 Mar 2009 19:25:07 -0700

hudson (1.291) unstable; urgency=low

  * See http://hudson.dev.java.net/changelog.html for more details.

 -- Kohsuke Kawaguchi <kk@kohsuke.org>  Tue, 10 Mar 2009 22:49:23 -0700

hudson (1.290) unstable; urgency=low

  * See http://hudson.dev.java.net/changelog.html for more details.

 -- Kohsuke Kawaguchi <kk@kohsuke.org>  Fri, 06 Mar 2009 17:45:36 -0800

hudson (1.289) unstable; urgency=low

  * See http://hudson.dev.java.net/changelog.html for more details.

 -- Kohsuke Kawaguchi <kk@kohsuke.org>  Thu, 05 Mar 2009 11:34:30 -0800

hudson (1.288) unstable; urgency=low

  * See http://hudson.dev.java.net/changelog.html for more details.

 -- Kohsuke Kawaguchi <kk@kohsuke.org>  Tue, 03 Mar 2009 09:34:28 -0800

hudson (1.287) unstable; urgency=low

  * See http://hudson.dev.java.net/changelog.html for more details.

 -- Kohsuke Kawaguchi <kk@kohsuke.org>  Fri, 27 Feb 2009 08:16:32 -0800

hudson (1.286) unstable; urgency=low

  * See http://hudson.dev.java.net/changelog.html for more details.

 -- Kohsuke Kawaguchi <kk@kohsuke.org>  Thu, 26 Feb 2009 10:41:09 -0800

hudson (1.285) unstable; urgency=low

  * See http://hudson.dev.java.net/changelog.html for more details.

 -- Kohsuke Kawaguchi <kk@kohsuke.org>  Thu, 19 Feb 2009 15:18:34 -0800

hudson (1.284) unstable; urgency=low

  * See http://hudson.dev.java.net/changelog.html for more details.

 -- Kohsuke Kawaguchi <kk@kohsuke.org>  Tue, 17 Feb 2009 21:26:49 -0800

hudson (1.283) unstable; urgency=low

  * See http://hudson.dev.java.net/changelog.html for more details.

 -- Kohsuke Kawaguchi <kk@kohsuke.org>  Fri, 13 Feb 2009 11:23:07 -0800

hudson (1.282) unstable; urgency=low

  * See http://hudson.dev.java.net/changelog.html for more details.

 -- Kohsuke Kawaguchi <kk@kohsuke.org>  Sun, 08 Feb 2009 14:34:15 -0800

hudson (1.281) unstable; urgency=low

  * See http://hudson.dev.java.net/changelog.html for more details.

 -- Kohsuke Kawaguchi <kk@kohsuke.org>  Thu, 05 Feb 2009 17:08:51 -0800

hudson (1.280) unstable; urgency=low

  * See http://hudson.dev.java.net/changelog.html for more details.

 -- Kohsuke Kawaguchi <kk@kohsuke.org>  Sun, 01 Feb 2009 10:00:16 -0800

hudson (1.279) unstable; urgency=low

  * See http://hudson.dev.java.net/changelog.html for more details.

 -- Kohsuke Kawaguchi <kk@kohsuke.org>  Wed, 28 Jan 2009 11:44:05 -0800

hudson (1.278) unstable; urgency=low

  * See http://hudson.dev.java.net/changelog.html for more details.

 -- Kohsuke Kawaguchi <kk@kohsuke.org>  Fri, 23 Jan 2009 22:49:08 -0800

hudson (1.277) unstable; urgency=low

  * See http://hudson.dev.java.net/changelog.html for more details.

 -- Kohsuke Kawaguchi <kk@kohsuke.org>  Tue, 20 Jan 2009 19:27:46 -0800

hudson (1.276) unstable; urgency=low

  * See http://hudson.dev.java.net/changelog.html for more details.

 -- Kohsuke Kawaguchi <kk@kohsuke.org>  Fri, 16 Jan 2009 13:53:06 -0800

hudson (1.275) unstable; urgency=low

  * See http://hudson.dev.java.net/changelog.html for more details.

 -- Kohsuke Kawaguchi <kk@kohsuke.org>  Thu, 15 Jan 2009 10:18:55 -0800

hudson (1.274) unstable; urgency=low

  * See http://hudson.dev.java.net/changelog.html for more details.

 -- Kohsuke Kawaguchi <kk@kohsuke.org>  Mon, 12 Jan 2009 18:51:02 -0800

hudson (1.273) unstable; urgency=low

  * See http://hudson.dev.java.net/changelog.html for more details.

 -- Kohsuke Kawaguchi <kk@kohsuke.org>  Sun, 11 Jan 2009 11:50:11 -0800

hudson (1.272) unstable; urgency=low

  * See http://hudson.dev.java.net/changelog.html for more details.

 -- Kohsuke Kawaguchi <kk@kohsuke.org>  Sat, 10 Jan 2009 10:22:39 -0800

hudson (1.271) unstable; urgency=low

  * See http://hudson.dev.java.net/changelog.html for more details.

 -- Kohsuke Kawaguchi <kk@kohsuke.org>  Fri, 09 Jan 2009 14:25:42 -0800

hudson (1.270) unstable; urgency=low

  * See http://hudson.dev.java.net/changelog.html for more details.

 -- Kohsuke Kawaguchi <kk@kohsuke.org>  Mon, 05 Jan 2009 18:23:05 -0800

hudson (1.269) unstable; urgency=low

  * See http://hudson.dev.java.net/changelog.html for more details.

 -- Kohsuke Kawaguchi <kk@kohsuke.org>  Mon, 05 Jan 2009 12:39:07 -0800

hudson (1.268) unstable; urgency=low

  * See http://hudson.dev.java.net/changelog.html for more details.

 -- Kohsuke Kawaguchi <kk@kohsuke.org>  Sun, 28 Dec 2008 12:27:56 -0800

hudson (1.267) unstable; urgency=low

  * See http://hudson.dev.java.net/changelog.html for more details.

 -- Kohsuke Kawaguchi <kk@kohsuke.org>  Wed, 24 Dec 2008 12:22:30 -0800

hudson (1.266) unstable; urgency=low

  * See http://hudson.dev.java.net/changelog.html for more details.

 -- Kohsuke Kawaguchi <kk@kohsuke.org>  Fri, 19 Dec 2008 18:42:19 -0800

hudson (1.266) unstable; urgency=low

  * See http://hudson.dev.java.net/changelog.html for more details.

 -- Kohsuke Kawaguchi <kk@kohsuke.org>  Fri, 19 Dec 2008 18:12:13 -0800

hudson (1.265) unstable; urgency=low

  * See http://hudson.dev.java.net/changelog.html for more details.

 -- Kohsuke Kawaguchi <kk@kohsuke.org>  Wed, 17 Dec 2008 10:36:35 -0800

hudson (1.264) unstable; urgency=low

  * See http://hudson.dev.java.net/changelog.html for more details.

 -- Kohsuke Kawaguchi <kk@kohsuke.org>  Tue, 16 Dec 2008 09:24:42 -0800

hudson (1.263) unstable; urgency=low

  * See http://hudson.dev.java.net/changelog.html for more details.

 -- Kohsuke Kawaguchi <kk@kohsuke.org>  Thu, 11 Dec 2008 14:37:46 -0800

hudson (1.262) unstable; urgency=low

  * See http://hudson.dev.java.net/changelog.html for more details.

 -- Kohsuke Kawaguchi <kk@kohsuke.org>  Fri, 14 Nov 2008 10:25:22 -0800

hudson (1.261) unstable; urgency=low

  * See http://hudson.dev.java.net/changelog.html for more details.

 -- Kohsuke Kawaguchi <kk@kohsuke.org>  Tue, 11 Nov 2008 18:48:49 -0800

hudson (1.260) unstable; urgency=low

  * See http://hudson.dev.java.net/changelog.html for more details.

 -- Kohsuke Kawaguchi <kk@kohsuke.org>  Wed, 05 Nov 2008 16:51:39 -0800

hudson (1.259) unstable; urgency=low

  * See http://hudson.dev.java.net/changelog.html for more details.

 -- Kohsuke Kawaguchi <kk@kohsuke.org>  Mon, 03 Nov 2008 17:05:51 -0800

hudson (1.258) unstable; urgency=low

  * See http://hudson.dev.java.net/changelog.html for more details.

 -- Kohsuke Kawaguchi <kk@kohsuke.org>  Thu, 30 Oct 2008 14:04:40 -0700

hudson (1.257) unstable; urgency=low

  * See http://hudson.dev.java.net/changelog.html for more details.

 -- Kohsuke Kawaguchi <kk@kohsuke.org>  Tue, 28 Oct 2008 15:27:46 -0700

hudson (1.256) unstable; urgency=low

  * See http://hudson.dev.java.net/changelog.html for more details.

 -- Kohsuke Kawaguchi <kk@kohsuke.org>  Fri, 24 Oct 2008 18:38:54 -0700

hudson (1.255) unstable; urgency=low

  * See http://hudson.dev.java.net/changelog.html for more details.

 -- Kohsuke Kawaguchi <kk@kohsuke.org>  Wed, 01 Oct 2008 19:28:54 -0700

hudson (1.254) unstable; urgency=low

  * See http://hudson.dev.java.net/changelog.html for more details.

 -- Kohsuke Kawaguchi <kk@kohsuke.org>  Fri, 26 Sep 2008 18:41:48 -0700

hudson (1.253) unstable; urgency=low

  * See http://hudson.dev.java.net/changelog.html for more details.

 -- Kohsuke Kawaguchi <kk@kohsuke.org>  Wed, 24 Sep 2008 16:48:34 -0700

hudson (1.252) unstable; urgency=low

  * See http://hudson.dev.java.net/changelog.html for more details.

 -- Kohsuke Kawaguchi <kk@kohsuke.org>  Tue, 02 Sep 2008 16:01:30 -0700

hudson (1.251) unstable; urgency=low

  * See http://hudson.dev.java.net/changelog.html for more details.

 -- Kohsuke Kawaguchi <kk@kohsuke.org>  Fri, 22 Aug 2008 18:08:18 -0700

hudson (1.250) unstable; urgency=low

  * See http://hudson.dev.java.net/changelog.html for more details.

 -- Kohsuke Kawaguchi <kk@kohsuke.org>  Fri, 22 Aug 2008 11:31:16 -0700

hudson (1.249) unstable; urgency=low

  * See http://hudson.dev.java.net/changelog.html for more details.

 -- Kohsuke Kawaguchi <kk@kohsuke.org>  Tue, 19 Aug 2008 11:37:42 -0700

hudson (1.248) unstable; urgency=low

  * See http://hudson.dev.java.net/changelog.html for more details.

 -- Kohsuke Kawaguchi <kk@kohsuke.org>  Thu, 14 Aug 2008 19:36:21 -0700

hudson (1.247) unstable; urgency=low

  * See http://hudson.dev.java.net/changelog.html for more details.

 -- Kohsuke Kawaguchi <kk@kohsuke.org>  Mon, 11 Aug 2008 20:09:52 -0700

hudson (1.245) unstable; urgency=low

  * See http://hudson.dev.java.net/changelog.html for more details.

 -- Kohsuke Kawaguchi <kk@kohsuke.org>  Wed, 06 Aug 2008 09:46:34 -0700

hudson (1.244) unstable; urgency=low

  * See http://hudson.dev.java.net/changelog.html for more details.

 -- Kohsuke Kawaguchi <kk@kohsuke.org>  Tue, 05 Aug 2008 18:42:29 -0700

hudson (1.243) unstable; urgency=low

  * See http://hudson.dev.java.net/changelog.html for more details.

 -- Kohsuke Kawaguchi <kk@kohsuke.org>  Mon, 04 Aug 2008 17:10:58 -0700

hudson (1.242) unstable; urgency=low

  * See http://hudson.dev.java.net/changelog.html for more details.

 -- Kohsuke Kawaguchi <kk@kohsuke.org>  Thu, 31 Jul 2008 18:43:07 -0700

hudson (1.241) unstable; urgency=low

  * See http://hudson.dev.java.net/changelog.html for more details.

 -- Kohsuke Kawaguchi <kk@kohsuke.org>  Thu, 31 Jul 2008 12:33:22 -0700

hudson (1.240) unstable; urgency=low

  * See http://hudson.dev.java.net/changelog.html for more details.

 -- Kohsuke Kawaguchi <kk@kohsuke.org>  Wed, 30 Jul 2008 19:17:05 -0700

hudson (1.239) unstable; urgency=low

  * See http://hudson.dev.java.net/changelog.html for more details.

 -- Kohsuke Kawaguchi <kk@kohsuke.org>  Wed, 30 Jul 2008 09:28:28 -0700

hudson (1.238) unstable; urgency=low

  * See http://hudson.dev.java.net/changelog.html for more details.

 -- Kohsuke Kawaguchi <kk@kohsuke.org>  Sat, 26 Jul 2008 08:17:50 -0700

hudson (1.237) unstable; urgency=low

  * See http://hudson.dev.java.net/changelog.html for more details.

 -- Kohsuke Kawaguchi <kk@kohsuke.org>  Wed, 23 Jul 2008 13:58:15 -0700

hudson (1.236) unstable; urgency=low

  * See http://hudson.dev.java.net/changelog.html for more details.

 -- Kohsuke Kawaguchi <kk@kohsuke.org>  Sun, 20 Jul 2008 15:50:03 -0700

hudson (1.235) unstable; urgency=low

  * See http://hudson.dev.java.net/changelog.html for more details.

 -- Kohsuke Kawaguchi <kk@kohsuke.org>  Mon, 14 Jul 2008 17:59:03 -0700

hudson (1.234) unstable; urgency=low

  * See http://hudson.dev.java.net/changelog.html for more details.

 -- Kohsuke Kawaguchi <kk@kohsuke.org>  Thu, 10 Jul 2008 23:31:17 -0700

hudson (1.233) unstable; urgency=low

  * See http://hudson.dev.java.net/changelog.html for more details.

 -- Kohsuke Kawaguchi <kk@kohsuke.org>  Mon, 07 Jul 2008 18:45:22 -0700

hudson (1.232) unstable; urgency=low

  * See http://hudson.dev.java.net/changelog.html for more details.

 -- Kohsuke Kawaguchi <kk@kohsuke.org>  Thu, 03 Jul 2008 12:18:27 -0700

hudson (1.231) unstable; urgency=low

  * See http://hudson.dev.java.net/changelog.html for more details.

 -- Kohsuke Kawaguchi <kk@kohsuke.org>  Tue, 01 Jul 2008 18:42:05 -0700

hudson (1.230) unstable; urgency=low

  * See http://hudson.dev.java.net/changelog.html for more details.

 -- Kohsuke Kawaguchi <kk@kohsuke.org>  Thu, 26 Jun 2008 17:21:55 -0700

hudson (1.229) unstable; urgency=low

  * See http://hudson.dev.java.net/changelog.html for more details.

 -- Kohsuke Kawaguchi <kk@kohsuke.org>  Tue, 24 Jun 2008 13:00:21 -0700

hudson (1.228) unstable; urgency=low

  * See http://hudson.dev.java.net/changelog.html for more details.

 -- Kohsuke Kawaguchi <kk@kohsuke.org>  Mon, 23 Jun 2008 14:12:47 -0700

hudson (1.227) unstable; urgency=low

  * See http://hudson.dev.java.net/changelog.html for more details.

 -- Kohsuke Kawaguchi <kk@kohsuke.org>  Fri, 20 Jun 2008 09:06:04 -0700

hudson (1.226) unstable; urgency=low

  * See http://hudson.dev.java.net/changelog.html for more details.

 -- Kohsuke Kawaguchi <kk@kohsuke.org>  Tue, 17 Jun 2008 13:22:01 -0700

hudson (1.225) unstable; urgency=low

  * See http://hudson.dev.java.net/changelog.html for more details.

 -- Kohsuke Kawaguchi <kk@kohsuke.org>  Mon, 16 Jun 2008 14:08:35 -0700

hudson (1.224) unstable; urgency=low

  * See http://hudson.dev.java.net/changelog.html for more details.

 -- Kohsuke Kawaguchi <kk@kohsuke.org>  Fri, 13 Jun 2008 14:02:30 -0700

hudson (1.223) unstable; urgency=low

  * See http://hudson.dev.java.net/changelog.html for more details.

 -- Kohsuke Kawaguchi <kk@kohsuke.org>  Wed, 11 Jun 2008 12:30:14 -0700

hudson (1.222) unstable; urgency=low

  * See http://hudson.dev.java.net/changelog.html for more details.

 -- Kohsuke Kawaguchi <kk@kohsuke.org>  Mon, 09 Jun 2008 11:58:59 -0700

hudson (1.221) unstable; urgency=low

  * See http://hudson.dev.java.net/changelog.html for more details.

 -- Kohsuke Kawaguchi <kk@kohsuke.org>  Tue, 03 Jun 2008 18:10:30 -0700

hudson (1.220) unstable; urgency=low

  * See changelog for more details.

 -- Kohsuke Kawaguchi <kk@kohsuke.org>  Thu, 24 Apr 2008 23:38:55 -0700

hudson (1.211) unstable; urgency=low

  * Initial Release.

 -- Kohsuke Kawaguchi <kk@kohsuke.org>  Thu, 24 Apr 2008 23:38:55 -0700
