jenkins (1.531) unstable; urgency=low

  * See http://jenkins-ci.org/changelog for more details.

 -- Kohsuke Kawaguchi <kk@kohsuke.org>  Mon, 16 Sep 2013 20:29:07 -0700

jenkins (1.530) unstable; urgency=low

  * See http://jenkins-ci.org/changelog for more details.

 -- Kohsuke Kawaguchi <kk@kohsuke.org>  Mon, 09 Sep 2013 10:22:58 -0700

jenkins (1.529) unstable; urgency=low

  * See http://jenkins-ci.org/changelog for more details.

 -- Kohsuke Kawaguchi <kk@kohsuke.org>  Mon, 26 Aug 2013 21:19:59 -0700

jenkins (1.528) unstable; urgency=low

  * See http://jenkins-ci.org/changelog for more details.

 -- Kohsuke Kawaguchi <kk@kohsuke.org>  Sun, 18 Aug 2013 20:51:32 -0700

jenkins (1.527) unstable; urgency=low

  * See http://jenkins-ci.org/changelog for more details.

 -- Kohsuke Kawaguchi <kk@kohsuke.org>  Tue, 13 Aug 2013 07:19:50 -0700

jenkins (1.526) unstable; urgency=low

  * See http://jenkins-ci.org/changelog for more details.

 -- Kohsuke Kawaguchi <kk@kohsuke.org>  Mon, 05 Aug 2013 10:31:13 -0700

jenkins (1.525) unstable; urgency=low

  * See http://jenkins-ci.org/changelog for more details.

 -- Kohsuke Kawaguchi <kk@kohsuke.org>  Mon, 29 Jul 2013 11:48:33 -0700

jenkins (1.524) unstable; urgency=low

  * See http://jenkins-ci.org/changelog for more details.

 -- Kohsuke Kawaguchi <kk@kohsuke.org>  Wed, 24 Jul 2013 07:52:25 -0700

jenkins (1.523) unstable; urgency=low

  * See http://jenkins-ci.org/changelog for more details.

 -- Kohsuke Kawaguchi <kk@kohsuke.org>  Mon, 15 Jul 2013 08:00:40 -0700

jenkins (1.522) unstable; urgency=low

  * See http://jenkins-ci.org/changelog for more details.

 -- Kohsuke Kawaguchi <kk@kohsuke.org>  Sat, 06 Jul 2013 08:57:45 -0700

jenkins (1.521) unstable; urgency=low

  * See http://jenkins-ci.org/changelog for more details.

 -- Kohsuke Kawaguchi <kk@kohsuke.org>  Tue, 02 Jul 2013 22:19:47 -0700

jenkins (1.520) unstable; urgency=low

  * See http://jenkins-ci.org/changelog for more details.

 -- Kohsuke Kawaguchi <kk@kohsuke.org>  Tue, 25 Jun 2013 23:25:50 -0700

jenkins (1.519) unstable; urgency=low

  * See http://jenkins-ci.org/changelog for more details.

 -- Kohsuke Kawaguchi <kk@kohsuke.org>  Tue, 18 Jun 2013 07:55:58 -0700

jenkins (1.518) unstable; urgency=low

  * See http://jenkins-ci.org/changelog for more details.

 -- Kohsuke Kawaguchi <kk@kohsuke.org>  Tue, 11 Jun 2013 02:33:30 -0700

jenkins (1.517) unstable; urgency=low

  * See http://jenkins-ci.org/changelog for more details.

 -- Kohsuke Kawaguchi <kk@kohsuke.org>  Sun, 02 Jun 2013 19:14:40 -0700

jenkins (1.516) unstable; urgency=low

  * See http://jenkins-ci.org/changelog for more details.

 -- Kohsuke Kawaguchi <kk@kohsuke.org>  Mon, 27 May 2013 22:47:35 -0700

jenkins (1.515) unstable; urgency=low

  * See http://jenkins-ci.org/changelog for more details.

 -- Kohsuke Kawaguchi <kk@kohsuke.org>  Sat, 18 May 2013 21:29:37 -0700

jenkins (1.514) unstable; urgency=low

  * See http://jenkins-ci.org/changelog for more details.

 -- Kohsuke Kawaguchi <kk@kohsuke.org>  Wed, 01 May 2013 20:15:32 -0700

jenkins (1.513) unstable; urgency=low

  * See http://jenkins-ci.org/changelog for more details.

 -- Kohsuke Kawaguchi <kk@kohsuke.org>  Sun, 28 Apr 2013 20:23:23 -0700

jenkins (1.512) unstable; urgency=low

  * See http://jenkins-ci.org/changelog for more details.

 -- Kohsuke Kawaguchi <kk@kohsuke.org>  Sun, 21 Apr 2013 20:30:26 -0700

jenkins (1.511) unstable; urgency=low

  * See http://jenkins-ci.org/changelog for more details.

 -- Kohsuke Kawaguchi <kk@kohsuke.org>  Sun, 14 Apr 2013 18:48:52 -0700

jenkins (1.510) unstable; urgency=low

  * See http://jenkins-ci.org/changelog for more details.

 -- Kohsuke Kawaguchi <kk@kohsuke.org>  Sat, 06 Apr 2013 18:45:19 -0700

jenkins (1.509) unstable; urgency=low

  * See http://jenkins-ci.org/changelog for more details.

 -- Kohsuke Kawaguchi <kk@kohsuke.org>  Tue, 02 Apr 2013 00:14:26 -0700

jenkins (1.508) unstable; urgency=low

  * See http://jenkins-ci.org/changelog for more details.

 -- Kohsuke Kawaguchi <kk@kohsuke.org>  Mon, 25 Mar 2013 13:37:13 -0700

jenkins (1.507) unstable; urgency=low

  * See http://jenkins-ci.org/changelog for more details.

 -- Kohsuke Kawaguchi <kk@kohsuke.org>  Sun, 24 Mar 2013 21:07:55 -0700

jenkins (1.506) unstable; urgency=low

  * See http://jenkins-ci.org/changelog for more details.

 -- Kohsuke Kawaguchi <kk@kohsuke.org>  Sun, 17 Mar 2013 12:29:44 -0700

jenkins (1.505) unstable; urgency=low

  * See http://jenkins-ci.org/changelog for more details.

 -- Kohsuke Kawaguchi <kk@kohsuke.org>  Sun, 10 Mar 2013 18:16:38 -0700

jenkins (1.504) unstable; urgency=low

  * See http://jenkins-ci.org/changelog for more details.

 -- Kohsuke Kawaguchi <kk@kohsuke.org>  Sun, 03 Mar 2013 09:05:39 -0800

jenkins (1.503) unstable; urgency=low

  * See http://jenkins-ci.org/changelog for more details.

 -- Kohsuke Kawaguchi <kk@kohsuke.org>  Tue, 26 Feb 2013 08:09:53 -0800

jenkins (1.502) unstable; urgency=low

  * See http://jenkins-ci.org/changelog for more details.

 -- Kohsuke Kawaguchi <kk@kohsuke.org>  Sat, 16 Feb 2013 08:33:01 -0800

jenkins (1.501) unstable; urgency=low

  * See http://jenkins-ci.org/changelog for more details.

 -- Kohsuke Kawaguchi <kk@kohsuke.org>  Mon, 11 Feb 2013 07:15:54 -0800

jenkins (1.500) unstable; urgency=low

  * See http://jenkins-ci.org/changelog for more details.

 -- Kohsuke Kawaguchi <kk@kohsuke.org>  Sat, 26 Jan 2013 18:18:56 -0800

jenkins (1.499) unstable; urgency=low

  * See http://jenkins-ci.org/changelog for more details.

 -- Kohsuke Kawaguchi <kk@kohsuke.org>  Sun, 13 Jan 2013 23:53:20 -0800

jenkins (1.498) unstable; urgency=low

  * See http://jenkins-ci.org/changelog for more details.

 -- Kohsuke Kawaguchi <kk@kohsuke.org>  Mon, 07 Jan 2013 11:12:53 -0800

jenkins (1.497) unstable; urgency=low

  * See http://jenkins-ci.org/changelog for more details.

 -- Kohsuke Kawaguchi <kk@kohsuke.org>  Sun, 06 Jan 2013 13:59:18 -0800

jenkins (1.496) unstable; urgency=low

  * See http://jenkins-ci.org/changelog for more details.

 -- Kohsuke Kawaguchi <kk@kohsuke.org>  Sun, 30 Dec 2012 14:30:13 -0800

jenkins (1.495) unstable; urgency=low

  * See http://jenkins-ci.org/changelog for more details.

 -- Kohsuke Kawaguchi <kk@kohsuke.org>  Mon, 24 Dec 2012 12:04:10 -0800

jenkins (1.494) unstable; urgency=low

  * See http://jenkins-ci.org/changelog for more details.

 -- Kohsuke Kawaguchi <kk@kohsuke.org>  Sun, 16 Dec 2012 12:50:41 -0800

jenkins (1.493) unstable; urgency=low

  * See http://jenkins-ci.org/changelog for more details.

 -- Kohsuke Kawaguchi <kk@kohsuke.org>  Sun, 09 Dec 2012 08:20:18 -0800

jenkins (1.492) unstable; urgency=low

  * See http://jenkins-ci.org/changelog for more details.

 -- Kohsuke Kawaguchi <kk@kohsuke.org>  Mon, 26 Nov 2012 07:53:25 -0800

jenkins (1.492) unstable; urgency=low

  * See http://jenkins-ci.org/changelog for more details.

 -- Kohsuke Kawaguchi <kk@kohsuke.org>  Sun, 25 Nov 2012 23:02:20 -0800

jenkins (1.491) unstable; urgency=low

  * See http://jenkins-ci.org/changelog for more details.

 -- Kohsuke Kawaguchi <kk@kohsuke.org>  Sun, 18 Nov 2012 17:42:14 -0800

jenkins (1.490) unstable; urgency=low

  * See http://jenkins-ci.org/changelog for more details.

 -- Kohsuke Kawaguchi <kk@kohsuke.org>  Mon, 12 Nov 2012 20:33:07 -0800

jenkins (1.489) unstable; urgency=low

  * See http://jenkins-ci.org/changelog for more details.

 -- Kohsuke Kawaguchi <kk@kohsuke.org>  Sun, 04 Nov 2012 10:38:02 -0800

jenkins (1.488) unstable; urgency=low

  * See http://jenkins-ci.org/changelog for more details.

 -- Kohsuke Kawaguchi <kk@kohsuke.org>  Sun, 28 Oct 2012 19:39:03 -0700

jenkins (1.487) unstable; urgency=low

  * See http://jenkins-ci.org/changelog for more details.

 -- Kohsuke Kawaguchi <kk@kohsuke.org>  Tue, 23 Oct 2012 17:10:11 -0700

jenkins (1.486) unstable; urgency=low

  * See http://jenkins-ci.org/changelog for more details.

 -- Kohsuke Kawaguchi <kk@kohsuke.org>  Sun, 14 Oct 2012 18:09:58 -0700

jenkins (1.485) unstable; urgency=low

  * See http://jenkins-ci.org/changelog for more details.

 -- Kohsuke Kawaguchi <kk@kohsuke.org>  Mon, 08 Oct 2012 00:15:30 -0700

jenkins (1.484) unstable; urgency=low

  * See http://jenkins-ci.org/changelog for more details.

 -- Kohsuke Kawaguchi <kk@kohsuke.org>  Sun, 30 Sep 2012 14:50:09 -0700

jenkins (1.483) unstable; urgency=low

  * See http://jenkins-ci.org/changelog for more details.

 -- Kohsuke Kawaguchi <kk@kohsuke.org>  Sun, 23 Sep 2012 20:28:41 -0700

jenkins (1.482) unstable; urgency=low

  * See http://jenkins-ci.org/changelog for more details.

 -- Kohsuke Kawaguchi <kk@kohsuke.org>  Sun, 16 Sep 2012 18:31:07 -0700

jenkins (1.481) unstable; urgency=low

  * See http://jenkins-ci.org/changelog for more details.

 -- Kohsuke Kawaguchi <kk@kohsuke.org>  Sun, 09 Sep 2012 22:46:52 -0700

jenkins (1.480) unstable; urgency=low

  * See http://jenkins-ci.org/changelog for more details.

 -- Kohsuke Kawaguchi <kk@kohsuke.org>  Mon, 03 Sep 2012 08:35:44 -0700

jenkins (1.479) unstable; urgency=low

  * See http://jenkins-ci.org/changelog for more details.

 -- Kohsuke Kawaguchi <kk@kohsuke.org>  Wed, 29 Aug 2012 09:45:34 -0700

jenkins (1.478) unstable; urgency=low

  * See http://jenkins-ci.org/changelog for more details.

 -- Kohsuke Kawaguchi <kk@kohsuke.org>  Mon, 20 Aug 2012 07:27:55 -0700

jenkins (1.477) unstable; urgency=low

  * See http://jenkins-ci.org/changelog for more details.

 -- Kohsuke Kawaguchi <kk@kohsuke.org>  Wed, 08 Aug 2012 21:42:13 -0700

jenkins (1.475) unstable; urgency=low

  * See http://jenkins-ci.org/changelog for more details.

 -- Kohsuke Kawaguchi <kk@kohsuke.org>  Sun, 22 Jul 2012 16:56:11 -0700

jenkins (1.474) unstable; urgency=low

  * See http://jenkins-ci.org/changelog for more details.

 -- Kohsuke Kawaguchi <kk@kohsuke.org>  Mon, 09 Jul 2012 17:37:53 -0700

jenkins (1.473) unstable; urgency=low

  * See http://jenkins-ci.org/changelog for more details.

 -- Kohsuke Kawaguchi <kk@kohsuke.org>  Sun, 01 Jul 2012 19:32:51 -0700

jenkins (1.472) unstable; urgency=low

  * See http://jenkins-ci.org/changelog for more details.

 -- Kohsuke Kawaguchi <kk@kohsuke.org>  Sun, 24 Jun 2012 21:27:46 -0700

jenkins (1.471) unstable; urgency=low

  * See http://jenkins-ci.org/changelog for more details.

 -- Kohsuke Kawaguchi <kk@kohsuke.org>  Mon, 18 Jun 2012 22:15:00 -0700

jenkins (1.470) unstable; urgency=low

  * See http://jenkins-ci.org/changelog for more details.

 -- Kohsuke Kawaguchi <kk@kohsuke.org>  Wed, 13 Jun 2012 10:20:28 -0700

jenkins (1.469) unstable; urgency=low

  * See http://jenkins-ci.org/changelog for more details.

 -- Kohsuke Kawaguchi <kk@kohsuke.org>  Mon, 11 Jun 2012 23:01:04 -0700

jenkins (1.468) unstable; urgency=low

  * See http://jenkins-ci.org/changelog for more details.

 -- Kohsuke Kawaguchi <kk@kohsuke.org>  Mon, 11 Jun 2012 09:43:38 -0700

jenkins (1.467) unstable; urgency=low

  * See http://jenkins-ci.org/changelog for more details.

 -- Kohsuke Kawaguchi <kk@kohsuke.org>  Mon, 04 Jun 2012 21:24:20 -0700

jenkins (1.466) unstable; urgency=low

  * See http://jenkins-ci.org/changelog for more details.

 -- Kohsuke Kawaguchi <kk@kohsuke.org>  Mon, 28 May 2012 19:34:05 -0700

jenkins (1.465) unstable; urgency=low

  * See http://jenkins-ci.org/changelog for more details.

 -- Kohsuke Kawaguchi <kk@kohsuke.org>  Mon, 21 May 2012 14:02:58 -0700

jenkins (1.464) unstable; urgency=low

  * See http://jenkins-ci.org/changelog for more details.

 -- Kohsuke Kawaguchi <kk@kohsuke.org>  Mon, 14 May 2012 11:23:01 -0700

jenkins (1.463) unstable; urgency=low

  * See http://jenkins-ci.org/changelog for more details.

 -- Kohsuke Kawaguchi <kk@kohsuke.org>  Mon, 07 May 2012 10:42:26 -0700

jenkins (1.462) unstable; urgency=low

  * See http://jenkins-ci.org/changelog for more details.

 -- Kohsuke Kawaguchi <kk@kohsuke.org>  Mon, 30 Apr 2012 10:34:48 -0700

jenkins (1.461) unstable; urgency=low

  * See http://jenkins-ci.org/changelog for more details.

 -- Kohsuke Kawaguchi <kk@kohsuke.org>  Mon, 23 Apr 2012 15:17:44 -0700

jenkins (1.461) unstable; urgency=low

  * See http://jenkins-ci.org/changelog for more details.

 -- Kohsuke Kawaguchi <kk@kohsuke.org>  Mon, 23 Apr 2012 13:51:09 -0700

jenkins (1.460) unstable; urgency=low

  * See http://jenkins-ci.org/changelog for more details.

 -- Kohsuke Kawaguchi <kk@kohsuke.org>  Sat, 14 Apr 2012 21:48:41 -0700

jenkins (1.459) unstable; urgency=low

  * See http://jenkins-ci.org/changelog for more details.

 -- Kohsuke Kawaguchi <kk@kohsuke.org>  Mon, 09 Apr 2012 09:19:51 -0700

jenkins (1.458) unstable; urgency=low

  * See http://jenkins-ci.org/changelog for more details.

 -- Kohsuke Kawaguchi <kk@kohsuke.org>  Mon, 02 Apr 2012 11:30:58 -0700

jenkins (1.457) unstable; urgency=low

  * See http://jenkins-ci.org/changelog for more details.

 -- Kohsuke Kawaguchi <kk@kohsuke.org>  Mon, 26 Mar 2012 11:18:30 -0700

jenkins (1.456) unstable; urgency=low

  * See http://jenkins-ci.org/changelog for more details.

 -- Kohsuke Kawaguchi <kk@kohsuke.org>  Mon, 19 Mar 2012 09:22:05 -0700

jenkins (1.455) unstable; urgency=low

  * See http://jenkins-ci.org/changelog for more details.

 -- Kohsuke Kawaguchi <kk@kohsuke.org>  Mon, 12 Mar 2012 10:06:59 -0700

jenkins (1.454) unstable; urgency=low

  * See http://jenkins-ci.org/changelog for more details.

 -- Kohsuke Kawaguchi <kk@kohsuke.org>  Mon, 05 Mar 2012 19:39:34 -0800

jenkins (1.453) unstable; urgency=low

  * See http://jenkins-ci.org/changelog for more details.

 -- Kohsuke Kawaguchi <kk@kohsuke.org>  Mon, 05 Mar 2012 10:01:16 -0800

jenkins (1.452) unstable; urgency=low

  * See http://jenkins-ci.org/changelog for more details.

 -- Kohsuke Kawaguchi <kk@kohsuke.org>  Mon, 27 Feb 2012 09:08:51 -0800

jenkins (1.451) unstable; urgency=low

  * See http://jenkins-ci.org/changelog for more details.

 -- Kohsuke Kawaguchi <kk@kohsuke.org>  Mon, 13 Feb 2012 11:15:27 -0800

jenkins (1.450) unstable; urgency=low

  * See http://jenkins-ci.org/changelog for more details.

 -- Kohsuke Kawaguchi <kk@kohsuke.org>  Mon, 30 Jan 2012 14:40:26 -0800

jenkins (1.449) unstable; urgency=low

  * See http://jenkins-ci.org/changelog for more details.

 -- Kohsuke Kawaguchi <kk@kohsuke.org>  Mon, 23 Jan 2012 15:12:02 -0800

jenkins (1.448) unstable; urgency=low

  * See http://jenkins-ci.org/changelog for more details.

 -- Kohsuke Kawaguchi <kk@kohsuke.org>  Tue, 17 Jan 2012 09:40:34 -0800

jenkins (1.447) unstable; urgency=low

  * See http://jenkins-ci.org/changelog for more details.

 -- Kohsuke Kawaguchi <kk@kohsuke.org>  Mon, 09 Jan 2012 10:01:35 -0800

jenkins (1.446) unstable; urgency=low

  * See http://jenkins-ci.org/changelog for more details.

 -- Kohsuke Kawaguchi <kk@kohsuke.org>  Mon, 02 Jan 2012 19:13:01 -0800

jenkins (1.445) unstable; urgency=low

  * See http://jenkins-ci.org/changelog for more details.

 -- Kohsuke Kawaguchi <kk@kohsuke.org>  Mon, 26 Dec 2011 10:28:38 -0800

jenkins (1.444) unstable; urgency=low

  * See http://jenkins-ci.org/changelog for more details.

 -- Kohsuke Kawaguchi <kk@kohsuke.org>  Mon, 19 Dec 2011 12:48:57 -0800

jenkins (1.443) unstable; urgency=low

  * See http://jenkins-ci.org/changelog for more details.

 -- Kohsuke Kawaguchi <kk@kohsuke.org>  Mon, 12 Dec 2011 11:13:25 -0800

jenkins (1.442) unstable; urgency=low

  * See http://jenkins-ci.org/changelog for more details.

 -- Kohsuke Kawaguchi <kk@kohsuke.org>  Mon, 05 Dec 2011 10:09:27 -0800

jenkins (1.441) unstable; urgency=low

  * See http://jenkins-ci.org/changelog for more details.

 -- Kohsuke Kawaguchi <kk@kohsuke.org>  Sun, 27 Nov 2011 21:27:17 -0800

jenkins (1.440) unstable; urgency=low

  * See http://jenkins-ci.org/changelog for more details.

 -- Kohsuke Kawaguchi <kk@kohsuke.org>  Thu, 17 Nov 2011 22:00:00 -0800

jenkins (1.439) unstable; urgency=low

  * See http://jenkins-ci.org/changelog for more details.

 -- Kohsuke Kawaguchi <kk@kohsuke.org>  Mon, 14 Nov 2011 12:02:11 -0800

jenkins (1.438) unstable; urgency=low

  * See http://jenkins-ci.org/changelog for more details.

 -- Kohsuke Kawaguchi <kk@kohsuke.org>  Mon, 07 Nov 2011 13:46:28 -0800

jenkins (1.437) unstable; urgency=low

  * See http://jenkins-ci.org/changelog for more details.

 -- Kohsuke Kawaguchi <kk@kohsuke.org>  Mon, 31 Oct 2011 09:20:55 -0700

jenkins (1.436) unstable; urgency=low

  * See http://jenkins-ci.org/changelog for more details.

 -- Kohsuke Kawaguchi <kk@kohsuke.org>  Sun, 23 Oct 2011 22:30:51 -0700

jenkins (1.435) unstable; urgency=low

  * See http://jenkins-ci.org/changelog for more details.

 -- Kohsuke Kawaguchi <kk@kohsuke.org>  Wed, 19 Oct 2011 09:11:56 -0700

jenkins (1.434) unstable; urgency=low

  * See http://jenkins-ci.org/changelog for more details.

 -- Kohsuke Kawaguchi <kk@kohsuke.org>  Sun, 09 Oct 2011 15:55:38 -0700

jenkins (1.433) unstable; urgency=low

  * See http://jenkins-ci.org/changelog for more details.

 -- Kohsuke Kawaguchi <kk@kohsuke.org>  Sat, 01 Oct 2011 20:39:33 -0700

jenkins (1.432) unstable; urgency=low

  * See http://jenkins-ci.org/changelog for more details.

 -- Kohsuke Kawaguchi <kk@kohsuke.org>  Mon, 26 Sep 2011 09:08:37 -0700

jenkins (1.431) unstable; urgency=low

  * See http://jenkins-ci.org/changelog for more details.

 -- Kohsuke Kawaguchi <kk@kohsuke.org>  Mon, 19 Sep 2011 18:27:10 -0700

jenkins (1.430) unstable; urgency=low

  * See http://jenkins-ci.org/changelog for more details.

 -- Kohsuke Kawaguchi <kk@kohsuke.org>  Sun, 11 Sep 2011 19:36:51 -0700

jenkins (1.429) unstable; urgency=low

  * See http://jenkins-ci.org/changelog for more details.

 -- Kohsuke Kawaguchi <kk@kohsuke.org>  Tue, 06 Sep 2011 11:59:51 -0700

jenkins (1.428) unstable; urgency=low

  * See http://jenkins-ci.org/changelog for more details.

 -- Kohsuke Kawaguchi <kk@kohsuke.org>  Mon, 29 Aug 2011 10:22:33 -0700

jenkins (1.427) unstable; urgency=low

  * See http://jenkins-ci.org/changelog for more details.

 -- Kohsuke Kawaguchi <kk@kohsuke.org>  Fri, 19 Aug 2011 10:18:04 -0700

jenkins (1.426) unstable; urgency=low

  * See http://jenkins-ci.org/changelog for more details.

 -- Kohsuke Kawaguchi <kk@kohsuke.org>  Mon, 15 Aug 2011 21:21:43 -0700

jenkins (1.425) unstable; urgency=low

  * See http://jenkins-ci.org/changelog for more details.

 -- Kohsuke Kawaguchi <kk@kohsuke.org>  Mon, 08 Aug 2011 10:46:41 -0700

jenkins (1.424) unstable; urgency=low

  * See http://jenkins-ci.org/changelog for more details.

 -- Kohsuke Kawaguchi <kk@kohsuke.org>  Mon, 01 Aug 2011 11:31:30 -0700

jenkins (1.423) unstable; urgency=low

  * See http://jenkins-ci.org/changelog for more details.

 -- Kohsuke Kawaguchi <kk@kohsuke.org>  Mon, 25 Jul 2011 18:07:56 -0700

jenkins (1.422) unstable; urgency=low

  * See http://jenkins-ci.org/changelog for more details.

 -- Kohsuke Kawaguchi <kk@kohsuke.org>  Mon, 25 Jul 2011 13:50:47 -0700

jenkins (1.421) unstable; urgency=low

  * See http://jenkins-ci.org/changelog for more details.

 -- Kohsuke Kawaguchi <kk@kohsuke.org>  Sun, 17 Jul 2011 06:09:40 -0700

jenkins (1.420) unstable; urgency=low

  * See http://jenkins-ci.org/changelog for more details.

 -- Kohsuke Kawaguchi <kk@kohsuke.org>  Mon, 11 Jul 2011 13:51:49 -0700

jenkins (1.419) unstable; urgency=low

  * See http://jenkins-ci.org/changelog for more details.

 -- Kohsuke Kawaguchi <kk@kohsuke.org>  Tue, 05 Jul 2011 11:41:16 -0700

jenkins (1.418) unstable; urgency=low

  * See http://jenkins-ci.org/changelog for more details.

 -- Kohsuke Kawaguchi <kk@kohsuke.org>  Mon, 27 Jun 2011 09:53:46 -0700

jenkins (1.417) unstable; urgency=low

  * See http://jenkins-ci.org/changelog for more details.

 -- Kohsuke Kawaguchi <kk@kohsuke.org>  Mon, 20 Jun 2011 11:00:42 -0700

jenkins (1.416) unstable; urgency=low

  * See http://jenkins-ci.org/changelog for more details.

 -- Kohsuke Kawaguchi <kk@kohsuke.org>  Fri, 17 Jun 2011 23:12:29 -0700

jenkins (1.415) unstable; urgency=low

  * See http://jenkins-ci.org/changelog for more details.

 -- Kohsuke Kawaguchi <kk@kohsuke.org>  Mon, 13 Jun 2011 09:15:04 -0700

jenkins (1.414) unstable; urgency=low

  * See http://jenkins-ci.org/changelog for more details.

 -- Kohsuke Kawaguchi <kk@kohsuke.org>  Sat, 04 Jun 2011 10:34:39 -0700

jenkins (1.413) unstable; urgency=low

  * See http://jenkins-ci.org/changelog for more details.

 -- Kohsuke Kawaguchi <kk@kohsuke.org>  Sun, 22 May 2011 22:03:39 -0700

jenkins (1.412) unstable; urgency=low

  * See http://jenkins-ci.org/changelog for more details.

 -- Kohsuke Kawaguchi <kk@kohsuke.org>  Mon, 16 May 2011 09:54:33 -0700

jenkins (1.411) unstable; urgency=low

  * See http://jenkins-ci.org/changelog for more details.

 -- Kohsuke Kawaguchi <kk@kohsuke.org>  Mon, 09 May 2011 09:32:57 -0700

jenkins (1.410) unstable; urgency=low

  * See http://jenkins-ci.org/changelog for more details.

 -- Kohsuke Kawaguchi <kk@kohsuke.org>  Sun, 01 May 2011 15:12:34 -0700

jenkins (1.409) unstable; urgency=low

  * See http://jenkins-ci.org/changelog for more details.

 -- Kohsuke Kawaguchi <kk@kohsuke.org>  Mon, 25 Apr 2011 12:18:18 -0700

jenkins (1.408) unstable; urgency=low

  * See http://jenkins-ci.org/changelog for more details.

 -- Kohsuke Kawaguchi <kk@kohsuke.org>  Mon, 18 Apr 2011 21:59:40 -0700

jenkins (1.407) unstable; urgency=low

  * See http://jenkins-ci.org/changelog for more details.

 -- Kohsuke Kawaguchi <kk@kohsuke.org>  Fri, 15 Apr 2011 20:08:33 -0700

jenkins (1.406) unstable; urgency=low

  * See http://jenkins-ci.org/changelog for more details.

 -- Kohsuke Kawaguchi <kk@kohsuke.org>  Mon, 11 Apr 2011 09:21:43 -0700

jenkins (1.405) unstable; urgency=low

  * See http://jenkins-ci.org/changelog for more details.

 -- Kohsuke Kawaguchi <kk@kohsuke.org>  Mon, 04 Apr 2011 09:49:03 -0700

jenkins (1.404) unstable; urgency=low

  * See http://jenkins-ci.org/changelog for more details.

 -- Kohsuke Kawaguchi <kk@kohsuke.org>  Sun, 27 Mar 2011 21:05:37 -0700

jenkins (1.403) unstable; urgency=low

  * See http://jenkins-ci.org/changelog for more details.

 -- Kohsuke Kawaguchi <kk@kohsuke.org>  Sun, 20 Mar 2011 23:34:50 -0700

jenkins (1.401) unstable; urgency=low

  * See http://jenkins-ci.org/changelog for more details.

 -- Kohsuke Kawaguchi <kk@kohsuke.org>  Sun, 13 Mar 2011 20:56:10 -0700

jenkins (1.400) unstable; urgency=low

  * See http://jenkins-ci.org/changelog for more details.

 -- Kohsuke Kawaguchi <kk@kohsuke.org>  Sun, 06 Mar 2011 22:29:43 -0800

jenkins (1.399) unstable; urgency=low

  * See http://jenkins-ci.org/changelog for more details.

 -- Kohsuke Kawaguchi <kk@kohsuke.org>  Sun, 27 Feb 2011 19:45:40 -0800

jenkins (1.398) unstable; urgency=low

  * See http://jenkins-ci.org/changelog for more details.

 -- Kohsuke Kawaguchi <kk@kohsuke.org>  Sun, 20 Feb 2011 20:01:53 -0800

jenkins (1.397) unstable; urgency=low

  * See http://jenkins-ci.org/changelog for more details.

 -- Kohsuke Kawaguchi <kk@kohsuke.org>  Sat, 12 Feb 2011 07:57:47 -0800

jenkins (1.396) unstable; urgency=low

  * See http://jenkins-ci.org/changelog for more details.

 -- Kohsuke Kawaguchi <kk@kohsuke.org>  Wed, 02 Feb 2011 11:50:36 -0800

jenkins (1.395) unstable; urgency=low

  * See http://jenkins-ci.org/changelog for more details.

 -- Kohsuke Kawaguchi <kk@kohsuke.org>  Fri, 21 Jan 2011 23:33:06 -0800

